City_ID,City,Country,Date,Lat,Lng,Max Temp,Humidity,Cloudiness,Wind Speed,Current Description
0,Katsuura,JP,2022-08-09 01:46:13,35.1333,140.3,86.02,75,86,21.77,overcast clouds
1,Burnie,AU,2022-08-09 01:46:14,-41.0667,145.9167,53.92,68,3,3.29,clear sky
2,Mersing,MY,2022-08-09 01:46:14,2.4312,103.8405,76.91,100,40,4.61,scattered clouds
3,Barrow,US,2022-08-09 01:44:46,71.2906,-156.7887,46.42,61,75,11.5,broken clouds
4,La Orilla,MX,2022-08-09 01:46:14,17.9833,-102.2333,80.2,77,100,2.53,overcast clouds
5,Rikitea,PF,2022-08-09 01:46:15,-23.1203,-134.9692,73.72,77,99,18.99,light rain
6,Puerto Carreno,CO,2022-08-09 01:46:15,6.189,-67.4859,77.18,89,88,2.04,overcast clouds
7,Caravelas,BR,2022-08-09 01:46:16,-17.7125,-39.2481,73.0,74,6,9.46,clear sky
8,Nanortalik,GL,2022-08-09 01:46:16,60.1432,-45.2371,41.85,95,7,7.58,clear sky
9,Kresttsy,RU,2022-08-09 01:46:16,58.2452,32.5165,55.51,81,100,5.08,overcast clouds
10,Constitucion,CL,2022-08-09 01:46:17,-35.3333,-72.4167,47.79,85,1,6.35,clear sky
11,Qaanaaq,GL,2022-08-09 01:46:17,77.484,-69.3632,34.65,59,0,4.74,clear sky
12,Kahului,US,2022-08-09 01:46:17,20.8947,-156.47,89.62,45,20,21.85,few clouds
13,Arraial Do Cabo,BR,2022-08-09 01:43:55,-22.9661,-42.0278,70.57,86,100,7.67,overcast clouds
14,Mataura,NZ,2022-08-09 01:43:54,-46.1927,168.8643,45.03,57,5,7.72,clear sky
15,Yellowknife,CA,2022-08-09 01:46:02,62.456,-114.3525,64.92,59,75,8.05,broken clouds
16,Carnarvon,AU,2022-08-09 01:46:18,-24.8667,113.6333,66.52,46,2,19.82,clear sky
17,Poum,NC,2022-08-09 01:46:18,-20.2333,164.0167,71.11,64,55,20.0,broken clouds
18,Galveston,US,2022-08-09 01:46:19,29.3669,-94.9669,87.76,76,40,12.66,scattered clouds
19,Mao,ES,2022-08-09 01:46:19,39.8885,4.2658,77.56,88,0,2.3,clear sky
20,Maragogi,BR,2022-08-09 01:46:19,-9.0122,-35.2225,74.55,78,99,9.62,overcast clouds
21,Castro,BR,2022-08-09 01:46:20,-24.7911,-50.0119,57.69,98,100,8.5,light rain
22,Valdivia,CL,2022-08-09 01:46:21,-39.8142,-73.2459,35.69,96,100,2.06,overcast clouds
23,Ulaangom,MN,2022-08-09 01:46:22,49.9811,92.0667,70.41,44,100,3.13,overcast clouds
24,Punta Arenas,CL,2022-08-09 01:46:22,-53.15,-70.9167,37.51,81,100,9.22,overcast clouds
25,Albany,US,2022-08-09 01:44:07,42.6001,-73.9662,80.28,82,97,6.93,overcast clouds
26,Carutapera,BR,2022-08-09 01:46:22,-1.195,-46.02,76.84,87,21,6.15,few clouds
27,Codrington,AU,2022-08-09 01:46:23,-38.2667,141.9667,56.23,54,5,7.4,clear sky
28,Waitati,NZ,2022-08-09 01:46:23,-45.75,170.5667,43.81,64,82,10.11,broken clouds
29,Bluff,NZ,2022-08-09 01:46:24,-46.6,168.3333,45.37,57,5,14.63,clear sky
30,Avarua,CK,2022-08-09 01:44:05,-21.2078,-159.775,77.05,57,40,20.71,scattered clouds
31,Tual,ID,2022-08-09 01:46:24,-5.6667,132.75,79.34,83,100,23.53,light rain
32,Lompoc,US,2022-08-09 01:45:55,34.6391,-120.4579,82.56,72,0,23.0,clear sky
33,Georgetown,MY,2022-08-09 01:43:09,5.4112,100.3354,84.88,83,20,3.44,few clouds
34,Egvekinot,RU,2022-08-09 01:46:25,66.3167,-179.1667,47.34,46,3,6.06,clear sky
35,Talgar,KZ,2022-08-09 01:46:25,43.3027,77.2395,64.56,68,75,2.24,broken clouds
36,Thinadhoo,MV,2022-08-09 01:46:25,0.5333,72.9333,81.48,70,94,3.2,overcast clouds
37,Yulara,AU,2022-08-09 01:46:26,-25.2406,130.9889,68.88,18,54,14.23,broken clouds
38,Busselton,AU,2022-08-09 01:46:26,-33.65,115.3333,50.61,74,100,16.26,overcast clouds
39,Muscat,OM,2022-08-09 01:46:26,23.6139,58.5922,87.82,59,96,4.56,overcast clouds
40,Monte Santo De Minas,BR,2022-08-09 01:42:47,-21.1897,-46.9803,59.11,86,100,3.4,overcast clouds
41,Thompson,CA,2022-08-09 01:46:27,55.7435,-97.8558,64.56,100,75,4.61,broken clouds
42,Atar,MR,2022-08-09 01:46:27,20.5169,-13.0499,90.68,44,32,12.17,scattered clouds
43,Pionerskiy,RU,2022-08-09 01:46:27,54.9508,20.2275,53.44,73,35,1.57,scattered clouds
44,Torbay,CA,2022-08-09 01:46:28,47.6666,-52.7314,60.58,88,75,8.99,broken clouds
45,Alofi,NU,2022-08-09 01:46:28,-19.0595,-169.9187,78.69,69,75,16.11,broken clouds
46,Chuy,UY,2022-08-09 01:46:28,-33.6971,-53.4616,48.2,85,83,7.34,broken clouds
47,Shouguang,CN,2022-08-09 01:46:29,36.88,118.7375,77.95,89,100,14.79,heavy intensity rain
48,Saint-Philippe,RE,2022-08-09 01:46:29,-21.3585,55.7679,64.22,78,41,8.97,scattered clouds
49,Vao,NC,2022-08-09 01:46:29,-22.6667,167.4833,68.67,60,51,17.98,broken clouds
50,Skeldon,GY,2022-08-09 01:46:30,5.8833,-57.1333,77.83,86,100,6.4,overcast clouds
51,Hambantota,LK,2022-08-09 01:46:30,6.1241,81.1185,77.34,100,20,6.91,few clouds
52,Kropotkin,RU,2022-08-09 01:42:24,45.4375,40.5756,67.62,45,0,8.79,clear sky
53,Butia,BR,2022-08-09 01:46:31,-30.1197,-51.9622,56.35,86,100,9.48,overcast clouds
54,Vaini,TO,2022-08-09 01:43:55,-21.2,-175.2,78.96,94,75,10.36,broken clouds
55,Port Macquarie,AU,2022-08-09 01:46:31,-31.4333,152.9167,61.9,63,23,14.88,few clouds
56,Faanui,PF,2022-08-09 01:46:31,-16.4833,-151.75,76.86,61,47,16.4,scattered clouds
57,Tuktoyaktuk,CA,2022-08-09 01:46:32,69.4541,-133.0374,60.8,72,75,4.61,broken clouds
58,Belyy Yar,RU,2022-08-09 01:46:32,53.6039,91.3903,67.89,71,0,6.71,clear sky
59,Manaus,BR,2022-08-09 01:46:32,-3.1019,-60.025,84.7,78,0,4.61,clear sky
60,Los Llanos De Aridane,ES,2022-08-09 01:46:33,28.6585,-17.9182,67.75,78,100,13.8,overcast clouds
61,Jamestown,US,2022-08-09 01:44:20,42.097,-79.2353,75.02,73,100,11.5,light rain
62,Coihaique,CL,2022-08-09 01:44:58,-45.5752,-72.0662,39.81,70,100,2.3,overcast clouds
63,Upernavik,GL,2022-08-09 01:46:37,72.7868,-56.1549,42.55,81,100,1.66,overcast clouds
64,Ndjole,GA,2022-08-09 01:46:38,-0.1783,10.7649,73.49,85,99,4.47,overcast clouds
65,Tupik,RU,2022-08-09 01:46:38,54.4253,119.9327,52.38,74,100,14.03,overcast clouds
66,Moranbah,AU,2022-08-09 01:46:38,-22.0016,148.0466,65.84,34,0,15.5,clear sky
67,Ushuaia,AR,2022-08-09 01:46:39,-54.8,-68.3,38.86,52,75,5.75,broken clouds
68,Khatanga,RU,2022-08-09 01:46:39,71.9667,102.5,65.55,64,55,20.24,broken clouds
69,Kidal,ML,2022-08-09 01:46:39,18.4411,1.4078,86.76,48,10,14.99,clear sky
70,Hermanus,ZA,2022-08-09 01:43:58,-34.4187,19.2345,54.81,81,3,4.56,clear sky
71,Praia Da Vitoria,PT,2022-08-09 01:46:40,38.7333,-27.0667,73.65,78,20,6.06,few clouds
72,Butaritari,KI,2022-08-09 01:46:40,3.0707,172.7902,81.84,77,27,15.21,scattered clouds
73,Cape Town,ZA,2022-08-09 01:44:00,-33.9258,18.4232,60.39,86,0,3.0,clear sky
74,Shimoda,JP,2022-08-09 01:45:58,34.6667,138.95,92.1,75,90,14.34,overcast clouds
75,Palmer,US,2022-08-09 01:46:41,42.1584,-72.3287,82.0,77,40,11.5,scattered clouds
76,Lavrentiya,RU,2022-08-09 01:46:41,65.5833,-171.0,44.87,77,42,14.18,scattered clouds
77,Lebu,CL,2022-08-09 01:46:41,-37.6167,-73.65,46.18,87,65,10.11,broken clouds
78,Chokurdakh,RU,2022-08-09 01:46:42,70.6333,147.9167,69.6,43,65,4.65,broken clouds
79,Kastamonu,TR,2022-08-09 01:46:42,41.5,33.6667,56.52,84,5,1.32,clear sky
80,Bengkulu,ID,2022-08-09 01:46:42,-3.8004,102.2655,79.99,77,6,3.83,clear sky
81,Kapaa,US,2022-08-09 01:46:43,22.0752,-159.319,84.18,69,40,12.66,scattered clouds
82,Launceston,AU,2022-08-09 01:46:43,-41.45,147.1667,52.16,76,5,5.75,clear sky
83,Grindavik,IS,2022-08-09 01:46:43,63.8424,-22.4338,51.75,100,100,18.41,light intensity drizzle
84,Kaitangata,NZ,2022-08-09 01:46:44,-46.2817,169.8464,45.05,58,31,12.48,scattered clouds
85,Ponta Do Sol,PT,2022-08-09 01:46:44,32.6667,-17.1,71.71,80,0,4.83,clear sky
86,Hilo,US,2022-08-09 01:46:44,19.7297,-155.09,89.28,80,75,6.91,broken clouds
87,Ancud,CL,2022-08-09 01:46:45,-41.8697,-73.8203,46.22,84,100,5.68,overcast clouds
88,Flinders,AU,2022-08-09 01:46:45,-34.5833,150.8552,54.37,84,100,12.37,light rain
89,Ulladulla,AU,2022-08-09 01:46:45,-35.35,150.4667,50.31,87,100,12.48,light rain
90,Tigil,RU,2022-08-09 01:46:46,57.8,158.6667,78.89,49,20,4.45,few clouds
91,Port Hedland,AU,2022-08-09 01:46:46,-20.3167,118.5667,78.85,21,7,6.91,clear sky
92,Banjarmasin,ID,2022-08-09 01:46:46,-3.3244,114.591,84.34,78,100,2.8,overcast clouds
93,Ponta Delgada,PT,2022-08-09 01:46:47,37.7333,-25.6667,75.51,88,75,3.44,broken clouds
94,Guaira,BR,2022-08-09 01:46:47,-20.3183,-48.3106,65.5,75,85,3.04,light rain
95,Mehran,IR,2022-08-09 01:46:47,33.1222,46.1646,94.3,15,0,13.44,clear sky
96,Marietta,US,2022-08-09 01:46:48,33.9526,-84.5499,79.47,89,75,4.61,broken clouds
97,Gouyave,GD,2022-08-09 01:46:48,12.1646,-61.7296,81.37,78,20,11.5,few clouds
98,Ngunguru,NZ,2022-08-09 01:46:48,-35.6167,174.5,55.69,87,45,10.94,scattered clouds
99,Nome,US,2022-08-09 01:46:49,64.5011,-165.4064,51.87,82,100,10.36,light rain
100,Pevek,RU,2022-08-09 01:44:00,69.7008,170.3133,42.91,69,80,12.3,broken clouds
101,Kholodnyy,RU,2022-08-09 01:46:49,62.7167,147.95,68.77,52,100,6.8,overcast clouds
102,Norman Wells,CA,2022-08-09 01:46:49,65.282,-126.8329,71.64,33,20,4.61,few clouds
103,Raga,SS,2022-08-09 01:46:50,8.4596,25.678,69.04,97,97,3.98,overcast clouds
104,Brownwood,US,2022-08-09 01:46:50,31.7093,-98.9912,96.12,36,35,10.6,scattered clouds
105,Dikson,RU,2022-08-09 01:46:50,73.5069,80.5464,42.04,96,45,19.35,scattered clouds
106,Saskylakh,RU,2022-08-09 01:46:51,71.9167,114.0833,63.21,61,20,12.77,few clouds
107,Bereda,ES,2022-08-09 01:46:51,43.2686,-7.5406,64.58,100,49,5.03,scattered clouds
108,Grootfontein,NA,2022-08-09 01:46:51,-19.5667,18.1167,49.57,46,0,3.44,clear sky
109,Mount Isa,AU,2022-08-09 01:46:52,-20.7333,139.5,71.37,20,0,12.66,clear sky
110,Atuona,PF,2022-08-09 01:44:34,-9.8,-139.0333,77.61,71,28,16.67,scattered clouds
111,Juneau,US,2022-08-09 01:42:05,58.3019,-134.4197,60.84,87,100,4.61,overcast clouds
112,Pa Daet,TH,2022-08-09 01:46:52,19.5049,99.9924,79.05,94,100,0.69,overcast clouds
113,Grand Gaube,MU,2022-08-09 01:46:52,-20.0064,57.6608,70.2,76,4,1.01,clear sky
114,Mpulungu,ZM,2022-08-09 01:46:53,-8.7623,31.1141,66.97,50,0,6.42,clear sky
115,Qasigiannguit,GL,2022-08-09 01:46:53,68.8193,-51.1922,41.25,98,100,8.46,light rain
116,Komsomolskiy,UZ,2022-08-09 01:46:53,40.4272,71.7189,79.52,31,0,9.22,clear sky
117,Tessalit,ML,2022-08-09 01:46:54,20.1986,1.0114,92.19,38,70,12.93,broken clouds
118,Puerto Ayora,EC,2022-08-09 01:43:53,-0.7393,-90.3518,69.55,86,92,3.0,overcast clouds
119,Provideniya,RU,2022-08-09 01:46:54,64.3833,-173.3,53.71,58,40,13.42,scattered clouds
120,Murray Bridge,AU,2022-08-09 01:44:46,-35.1167,139.2667,61.12,49,0,11.65,clear sky
121,Tainan,TW,2022-08-09 01:46:55,22.9908,120.2133,89.51,62,75,5.75,broken clouds
122,Hiranagar,IN,2022-08-09 01:46:55,32.45,75.2667,84.04,74,100,2.86,overcast clouds
123,Plettenberg Bay,ZA,2022-08-09 01:46:55,-34.0527,23.3716,58.93,71,82,6.91,broken clouds
124,Kawardha,IN,2022-08-09 01:46:56,22.0167,81.25,81.16,75,100,4.76,overcast clouds
125,Hamilton,US,2022-08-09 01:46:31,39.1834,-84.5333,82.24,85,0,3.44,clear sky
126,Udalguri,IN,2022-08-09 01:46:56,26.7667,92.1333,84.74,79,84,4.43,broken clouds
127,Hithadhoo,MV,2022-08-09 01:46:56,-0.6,73.0833,81.64,66,97,1.72,overcast clouds
128,Cabo San Lucas,MX,2022-08-09 01:46:57,22.8909,-109.9124,88.52,73,90,7.31,overcast clouds
129,Bredasdorp,ZA,2022-08-09 01:46:57,-34.5322,20.0403,50.94,94,9,3.33,clear sky
130,Port Loko,SL,2022-08-09 01:46:57,8.7667,-12.7833,73.13,97,99,3.0,overcast clouds
131,Tra Vinh,VN,2022-08-09 01:46:58,9.9347,106.3453,75.02,93,100,6.38,overcast clouds
132,Luderitz,NA,2022-08-09 01:46:58,-26.6481,15.1594,53.42,87,47,5.32,scattered clouds
133,Samarkand,UZ,2022-08-09 01:46:58,39.6542,66.9597,69.22,56,0,6.91,clear sky
134,Tasiilaq,GL,2022-08-09 01:46:59,65.6145,-37.6368,39.36,96,100,0.67,overcast clouds
135,Mizque,BO,2022-08-09 01:46:59,-17.941,-65.3402,57.76,89,98,3.56,overcast clouds
136,Santarem,BR,2022-08-09 01:46:59,-2.4431,-54.7083,84.33,79,0,9.22,clear sky
137,Hobart,AU,2022-08-09 01:43:56,-42.8794,147.3294,54.27,65,20,8.05,few clouds
138,Shaghat,AM,2022-08-09 01:47:00,39.5625,45.9143,57.36,91,26,6.35,scattered clouds
139,Talnakh,RU,2022-08-09 01:47:00,69.4865,88.3972,65.21,87,45,3.33,light rain
140,Port Elizabeth,ZA,2022-08-09 01:47:00,-33.918,25.5701,56.32,99,100,6.91,mist
141,Devonport,AU,2022-08-09 01:47:01,-41.1667,146.35,54.0,56,1,1.05,clear sky
142,Narsaq,GL,2022-08-09 01:47:01,60.9167,-46.05,48.42,85,51,2.39,broken clouds
143,Lobito,AO,2022-08-09 01:47:01,-12.3481,13.5456,67.51,86,3,3.29,clear sky
144,Sisimiut,GL,2022-08-09 01:47:02,66.9395,-53.6735,40.28,94,100,11.43,overcast clouds
145,Tucurui,BR,2022-08-09 01:47:02,-3.7661,-49.6725,76.01,61,96,2.75,overcast clouds
146,Posadas,AR,2022-08-09 01:42:50,-27.3671,-55.8961,60.78,82,0,10.36,clear sky
147,Samarai,PG,2022-08-09 01:47:03,-10.6167,150.6667,81.05,65,48,14.85,scattered clouds
148,Prince Rupert,CA,2022-08-09 01:45:08,54.3161,-130.3201,66.29,65,0,16.11,clear sky
149,Lebedinyy,RU,2022-08-09 01:47:03,58.5167,125.5167,49.75,99,100,11.12,light rain
150,San Quintin,MX,2022-08-09 01:47:04,30.4833,-115.95,73.18,76,8,12.46,clear sky
151,Port Alfred,ZA,2022-08-09 01:47:04,-33.5906,26.891,60.21,82,70,7.9,broken clouds
152,Waingapu,ID,2022-08-09 01:47:04,-9.6567,120.2641,85.33,61,45,11.81,scattered clouds
153,Sambava,MG,2022-08-09 01:47:05,-14.2667,50.1667,66.87,87,54,11.72,broken clouds
154,Vila Velha,BR,2022-08-09 01:47:05,-20.3297,-40.2925,75.15,87,20,5.75,few clouds
155,Mehamn,NO,2022-08-09 01:47:05,71.0357,27.8492,49.95,87,75,9.22,broken clouds
156,Pokosnoye,RU,2022-08-09 01:47:06,55.5258,101.0536,66.43,64,40,5.3,scattered clouds
157,Mar Del Plata,AR,2022-08-09 01:47:06,-38.0023,-57.5575,50.09,89,75,5.75,broken clouds
158,Gambela,ET,2022-08-09 01:47:06,8.25,34.5833,69.53,97,100,2.21,moderate rain
159,Tiksi,RU,2022-08-09 01:47:07,71.6872,128.8694,51.3,80,100,9.1,overcast clouds
160,Saldanha,ZA,2022-08-09 01:46:42,-33.0117,17.9442,48.25,83,0,7.14,clear sky
161,Shatrovo,RU,2022-08-09 01:47:07,56.5167,64.6333,64.04,77,6,5.64,clear sky
162,Avera,US,2022-08-09 01:47:07,33.194,-82.5271,80.11,62,100,8.39,overcast clouds
163,Oranjemund,NA,2022-08-09 01:47:08,-28.55,16.4333,54.07,76,13,5.23,few clouds
164,Svetlyy,RU,2022-08-09 01:47:08,54.675,20.1347,53.65,87,60,1.36,broken clouds
165,Tandalti,SD,2022-08-09 01:47:08,13.0167,31.8667,77.45,75,98,5.32,overcast clouds
166,Sao Filipe,CV,2022-08-09 01:47:09,14.8961,-24.4956,78.87,83,46,7.0,scattered clouds
167,Middle Island,US,2022-08-09 01:47:09,40.8843,-72.9373,80.92,86,0,19.57,clear sky
168,Dingle,PH,2022-08-09 01:47:09,10.9995,122.6711,82.58,76,100,2.93,overcast clouds
169,Haines Junction,CA,2022-08-09 01:47:10,60.7522,-137.5108,58.95,55,100,3.44,overcast clouds
170,General Roca,AR,2022-08-09 01:47:10,-39.0333,-67.5833,42.62,73,98,10.11,overcast clouds
171,Dandong,CN,2022-08-09 01:47:10,40.1292,124.3947,70.11,78,100,4.81,light rain
172,Iberia,US,2022-08-09 01:47:11,29.9502,-91.7507,80.67,83,0,3.44,clear sky
173,Kodiak,US,2022-08-09 01:47:11,57.79,-152.4072,56.71,72,100,6.91,overcast clouds
174,Salalah,OM,2022-08-09 01:47:11,17.0151,54.0924,75.29,100,100,4.61,heavy intensity drizzle
175,Uklana Mandi,IN,2022-08-09 01:47:12,29.5023,75.8849,85.48,71,1,8.28,clear sky
176,Victoria,HK,2022-08-09 01:45:29,22.2855,114.1577,83.32,86,100,25.99,overcast clouds
177,Toamasina,MG,2022-08-09 01:47:12,-18.1667,49.3833,66.2,94,75,6.91,broken clouds
178,Marsh Harbour,BS,2022-08-09 01:47:12,26.5412,-77.0636,83.77,76,6,13.18,clear sky
179,Beipiao,CN,2022-08-09 01:47:13,41.7919,120.7792,78.42,48,89,7.54,overcast clouds
180,Fredericton,CA,2022-08-09 01:47:13,45.9454,-66.6656,58.05,92,100,8.05,overcast clouds
181,Longyearbyen,SJ,2022-08-09 01:47:13,78.2186,15.6401,46.24,81,75,10.36,broken clouds
182,Son La,VN,2022-08-09 01:47:14,21.3167,103.9,77.43,82,95,0.85,overcast clouds
183,Ambrolauri,GE,2022-08-09 01:47:14,42.5211,43.1622,63.05,63,0,6.62,clear sky
184,Kushiro,JP,2022-08-09 01:47:14,42.975,144.3747,76.15,94,75,3.44,light intensity shower rain
185,Peachland,CA,2022-08-09 01:45:41,49.7665,-119.7357,95.85,26,0,1.99,clear sky
186,Banyo,CM,2022-08-09 01:47:15,6.75,11.8167,63.07,96,100,1.14,overcast clouds
187,Asyut,EG,2022-08-09 01:47:15,27.181,31.1837,82.58,31,2,6.76,clear sky
188,Dunedin,NZ,2022-08-09 01:47:16,-45.8742,170.5036,43.81,64,86,10.0,overcast clouds
189,Dasoguz,TM,2022-08-09 01:47:16,41.8363,59.9666,73.35,46,0,4.61,clear sky
190,Shache,CN,2022-08-09 01:47:17,38.4167,77.2406,80.33,42,83,2.64,broken clouds
191,Moron,AR,2022-08-09 01:47:17,-34.6534,-58.6198,52.97,78,100,8.37,light rain
192,Monte Alegre,BR,2022-08-09 01:47:17,-2.0078,-54.0692,77.27,70,100,3.42,overcast clouds
193,Faya,SA,2022-08-09 01:47:18,18.3851,42.4509,64.51,86,91,4.88,overcast clouds
194,Araouane,ML,2022-08-09 01:47:18,18.9048,-3.5265,98.28,14,69,4.97,broken clouds
195,Saint-Francois,FR,2022-08-09 01:47:18,46.4154,3.9054,58.68,76,0,3.44,clear sky
196,Chara,RU,2022-08-09 01:47:19,56.9064,118.2631,51.66,75,100,6.04,overcast clouds
197,Kaitong,CN,2022-08-09 01:47:19,44.8135,123.15,76.26,43,0,11.18,clear sky
198,Sao Felix Do Xingu,BR,2022-08-09 01:47:19,-6.6447,-51.995,80.01,38,87,2.13,overcast clouds
199,Iquitos,PE,2022-08-09 01:47:20,-3.7481,-73.2472,75.24,94,75,5.75,heavy intensity rain
200,Saint-Georges,GD,2022-08-09 01:47:20,12.0564,-61.7485,82.08,78,20,11.5,few clouds
201,Mahbubabad,IN,2022-08-09 01:47:20,17.6167,80.0167,73.96,94,100,11.68,overcast clouds
202,Rio Grande,BR,2022-08-09 01:47:21,-32.035,-52.0986,53.94,80,38,13.89,scattered clouds
203,Hasaki,JP,2022-08-09 01:47:21,35.7333,140.8333,93.29,72,96,23.82,overcast clouds
204,Cambridge,CA,2022-08-09 01:44:49,43.3601,-80.3127,75.15,95,100,14.97,overcast clouds
205,Jiangkou,CN,2022-08-09 01:47:22,25.4872,119.1986,86.32,66,0,3.91,clear sky
206,Puquio,PE,2022-08-09 01:47:22,-14.7,-74.1333,47.17,53,4,2.55,clear sky
207,Nikolskoye,RU,2022-08-09 01:47:22,59.7035,30.7861,54.88,96,71,0.22,broken clouds
208,Geraldton,AU,2022-08-09 01:47:23,-28.7667,114.6,52.21,87,75,21.85,shower rain
209,Priargunsk,RU,2022-08-09 01:47:23,50.3691,119.1012,67.51,39,0,19.1,clear sky
210,Makokou,GA,2022-08-09 01:47:23,0.5738,12.8642,68.18,91,84,3.27,broken clouds
211,Bud,US,2022-08-09 01:47:24,39.447,-86.1758,82.42,81,1,7.43,clear sky
212,Bambous Virieux,MU,2022-08-09 01:47:24,-20.3428,57.7575,70.05,78,40,11.5,light rain
213,Bathsheba,BB,2022-08-09 01:47:24,13.2167,-59.5167,81.21,89,75,13.8,broken clouds
214,Ribeira Grande,PT,2022-08-09 01:45:14,38.5167,-28.7,74.08,78,3,11.81,clear sky
215,Ilulissat,GL,2022-08-09 01:47:25,69.2167,-51.1,41.02,93,75,10.36,light intensity shower rain
216,Auki,SB,2022-08-09 01:47:25,-8.7676,160.7034,85.24,66,28,3.83,scattered clouds
217,Buin,CL,2022-08-09 01:47:25,-33.7333,-70.75,51.12,46,0,4.54,clear sky
218,Vanimo,PG,2022-08-09 01:47:26,-2.6741,141.3028,83.28,71,100,7.92,overcast clouds
219,Huanren,CN,2022-08-09 01:47:26,41.2647,125.3667,69.22,74,100,1.01,overcast clouds
220,Huarmey,PE,2022-08-09 01:47:27,-10.0681,-78.1522,62.28,84,24,9.53,few clouds
221,Isangel,VU,2022-08-09 01:47:27,-19.55,169.2667,76.78,78,62,11.54,broken clouds
222,Meulaboh,ID,2022-08-09 01:47:27,4.1363,96.1285,79.21,76,99,3.96,overcast clouds
223,Bidor,MY,2022-08-09 01:47:28,4.1139,101.2884,84.33,69,79,2.48,broken clouds
224,Rupert,US,2022-08-09 01:47:28,42.6191,-113.6772,88.18,23,0,5.75,clear sky
225,Hualmay,PE,2022-08-09 01:47:28,-11.0964,-77.6139,61.68,83,29,10.54,scattered clouds
226,Semirom,IR,2022-08-09 01:47:29,31.4167,51.5667,70.65,35,8,0.83,clear sky
227,Port Keats,AU,2022-08-09 01:47:29,-14.25,129.55,87.66,31,7,7.74,clear sky
228,Itarema,BR,2022-08-09 01:47:29,-2.9248,-39.9167,76.73,82,3,13.6,clear sky
229,Parrita,CR,2022-08-09 01:47:30,9.5201,-84.3225,77.81,88,100,1.14,overcast clouds
230,Kayasula,RU,2022-08-09 01:47:30,44.325,45.0,63.72,63,0,2.95,clear sky
231,Yar-Sale,RU,2022-08-09 01:47:30,66.8333,70.8333,57.56,71,97,10.25,overcast clouds
232,Amsterdam,NL,2022-08-09 01:45:32,52.374,4.8897,60.91,90,0,4.61,clear sky
233,Sechura,PE,2022-08-09 01:47:31,-5.5569,-80.8222,62.76,80,5,13.04,clear sky
234,Pinawa,CA,2022-08-09 01:47:31,50.1489,-95.8811,71.19,60,0,9.42,clear sky
235,Puksoozero,RU,2022-08-09 01:47:31,62.5903,40.6066,54.81,78,100,2.48,overcast clouds
236,Gimli,CA,2022-08-09 01:47:32,50.6336,-96.9907,72.77,65,0,8.41,clear sky
237,Baykit,RU,2022-08-09 01:47:32,61.67,96.37,61.99,70,99,1.7,overcast clouds
238,Cidreira,BR,2022-08-09 01:47:32,-30.1811,-50.2056,59.59,85,100,12.28,overcast clouds
239,New Norfolk,AU,2022-08-09 01:47:33,-42.7826,147.0587,54.91,49,6,1.81,clear sky
240,Novaya Bryan,RU,2022-08-09 01:47:33,51.7159,108.2691,70.61,34,72,7.43,broken clouds
241,Mitsamiouli,KM,2022-08-09 01:47:33,-11.3847,43.2844,74.52,66,98,4.94,overcast clouds
242,El Paso,US,2022-08-09 01:44:52,31.8001,-106.2005,87.46,40,75,14.97,broken clouds
243,Olinda,BR,2022-08-09 01:47:34,-8.0089,-34.8553,76.73,78,75,10.36,broken clouds
244,Saint George,US,2022-08-09 01:47:34,37.1041,-113.5841,102.63,19,0,13.8,clear sky
245,Pustoshka,RU,2022-08-09 01:47:34,56.3355,29.369,53.2,91,45,4.05,scattered clouds
246,Aripuana,BR,2022-08-09 01:47:35,-9.1667,-60.6333,75.51,68,25,0.58,scattered clouds
247,Lamesa,US,2022-08-09 01:47:39,32.7376,-101.951,74.23,70,100,16.24,overcast clouds
248,Sam Roi Yot,TH,2022-08-09 01:47:40,12.2708,99.872,76.98,83,100,5.5,light rain
249,Vardo,NO,2022-08-09 01:47:40,70.3705,31.1107,48.18,87,100,4.61,overcast clouds
250,Chapais,CA,2022-08-09 01:47:40,49.7834,-74.8492,55.18,96,100,5.53,overcast clouds
251,Wattegama,LK,2022-08-09 01:47:41,6.7989,81.4808,78.13,68,96,7.76,overcast clouds
252,Lahad Datu,MY,2022-08-09 01:47:41,5.0268,118.327,80.56,84,99,3.47,overcast clouds
253,Leningradskiy,RU,2022-08-09 01:47:41,69.3833,178.4167,40.53,74,57,4.92,broken clouds
254,Bethel,US,2022-08-09 01:47:42,41.3712,-73.414,82.27,78,78,7.58,broken clouds
255,Cayenne,GF,2022-08-09 01:47:42,4.9333,-52.3333,82.09,1,0,3.44,clear sky
256,Basco,PH,2022-08-09 01:47:42,20.4487,121.9702,84.6,73,100,15.7,light rain
257,Nara,JP,2022-08-09 01:46:42,34.6851,135.8049,95.97,38,98,4.81,overcast clouds
258,Zhenlai,CN,2022-08-09 01:47:43,45.8495,123.2973,76.64,40,0,15.32,clear sky
259,Casablanca,MA,2022-08-09 01:46:41,33.5928,-7.6192,73.62,79,8,6.78,clear sky
260,Aitape,PG,2022-08-09 01:47:45,-3.1374,142.3475,83.12,75,62,8.03,broken clouds
261,Kruisfontein,ZA,2022-08-09 01:47:45,-34.0033,24.7314,50.88,88,100,7.07,overcast clouds
262,Kulu,TR,2022-08-09 01:47:46,39.0951,33.0799,69.35,50,0,8.57,clear sky
263,Severo-Kurilsk,RU,2022-08-09 01:45:17,50.6789,156.125,55.87,95,100,20.13,overcast clouds
264,Sao Joao Da Barra,BR,2022-08-09 01:47:46,-21.6403,-41.0511,70.16,90,78,4.85,broken clouds
265,Banepa,NP,2022-08-09 01:47:51,27.6298,85.5214,71.92,88,40,2.3,scattered clouds
266,Sao Mateus Do Maranhao,BR,2022-08-09 01:47:51,-4.0417,-44.475,72.55,74,2,4.65,clear sky
267,Namwala,ZM,2022-08-09 01:47:51,-15.7504,26.4384,54.93,45,0,2.39,clear sky
268,Copiapo,CL,2022-08-09 01:47:52,-27.3667,-70.3333,49.69,38,0,0.92,clear sky
269,Agadez,NE,2022-08-09 01:47:52,19.75,10.25,86.88,46,93,16.42,overcast clouds
270,Saint-Joseph,RE,2022-08-09 01:47:52,-21.3667,55.6167,63.21,77,19,9.51,few clouds
271,Mezhova,UA,2022-08-09 01:47:53,48.2532,36.7347,67.93,40,0,7.16,clear sky
272,Sayaxche,GT,2022-08-09 01:47:53,16.5167,-90.1667,72.14,97,100,3.38,overcast clouds
273,Carballo,ES,2022-08-09 01:47:53,43.213,-8.691,69.22,91,2,5.3,clear sky
274,Tamale,GH,2022-08-09 01:47:54,9.4008,-0.8393,75.22,79,98,6.53,overcast clouds
275,Amazar,RU,2022-08-09 01:47:54,53.858,120.875,55.31,64,100,11.32,overcast clouds
276,Novikovo,RU,2022-08-09 01:47:54,51.1537,37.8879,68.45,58,77,5.93,broken clouds
277,Pisco,PE,2022-08-09 01:46:43,-13.7,-76.2167,61.02,82,0,5.75,clear sky
278,Bilibino,RU,2022-08-09 01:45:24,68.0546,166.4372,63.52,32,100,4.52,overcast clouds
279,Tolstoy-Yurt,RU,2022-08-09 01:47:55,43.4444,45.7722,59.32,88,0,2.24,clear sky
280,Belmonte,BR,2022-08-09 01:47:55,-15.8631,-38.8828,70.83,76,23,8.34,few clouds
281,Ostrovnoy,RU,2022-08-09 01:47:56,68.0531,39.5131,47.41,87,12,7.29,few clouds
282,Lazaro Cardenas,MX,2022-08-09 01:47:56,17.9583,-102.2,80.65,77,100,2.93,overcast clouds
283,Rawson,AR,2022-08-09 01:47:56,-43.3002,-65.1023,43.52,69,67,15.17,broken clouds
284,Marrakesh,MA,2022-08-09 01:48:01,31.6315,-8.0083,71.67,64,0,6.91,clear sky
285,Clonakilty,IE,2022-08-09 01:48:01,51.6231,-8.8706,58.21,68,66,5.7,broken clouds
286,Milyutinskaya,RU,2022-08-09 01:48:01,48.6279,41.6679,70.48,39,6,7.81,clear sky
287,Manokwari,ID,2022-08-09 01:44:24,-0.8667,134.0833,82.26,70,100,6.29,overcast clouds
288,Virginia Beach,US,2022-08-09 01:44:59,36.8529,-75.978,87.03,72,0,10.36,clear sky
289,Maraba,BR,2022-08-09 01:48:02,-5.3686,-49.1178,77.18,78,0,1.14,clear sky
290,Batemans Bay,AU,2022-08-09 01:48:02,-35.7167,150.1833,56.1,72,98,8.77,overcast clouds
291,Slave Lake,CA,2022-08-09 01:47:34,55.2834,-114.769,67.98,45,100,17.27,overcast clouds
292,Kimbe,PG,2022-08-09 01:48:03,-5.5502,150.1429,88.47,60,29,4.7,light rain
293,Lorengau,PG,2022-08-09 01:48:03,-2.0226,147.2712,83.55,73,61,10.51,light rain
294,Udachnyy,RU,2022-08-09 01:48:04,66.4167,112.4,56.93,66,6,4.61,clear sky
295,Mahebourg,MU,2022-08-09 01:48:04,-20.4081,57.7,70.09,78,40,11.5,scattered clouds
296,East London,ZA,2022-08-09 01:48:04,-33.0153,27.9116,60.4,82,23,5.59,few clouds
297,Litovko,RU,2022-08-09 01:48:04,49.2361,135.1742,70.92,63,6,11.72,clear sky
298,Guajara,BR,2022-08-09 01:48:05,-2.9667,-57.6667,75.63,78,53,2.08,broken clouds
299,Kurumkan,RU,2022-08-09 01:48:05,54.3,110.3,63.99,55,1,0.87,clear sky
300,Jinchang,CN,2022-08-09 01:48:05,38.4953,102.1739,67.12,85,100,8.43,overcast clouds
301,Rio Grande City,US,2022-08-09 01:43:37,26.3798,-98.8203,85.87,52,93,17.4,overcast clouds
302,Trstena,SK,2022-08-09 01:48:06,49.361,19.6125,58.59,86,79,4.32,broken clouds
303,Muros,ES,2022-08-09 01:48:06,42.7762,-9.0603,66.69,85,1,5.35,clear sky
304,Eydhafushi,MV,2022-08-09 01:48:07,5.1033,73.0708,80.76,81,100,14.99,overcast clouds
305,Tabou,CI,2022-08-09 01:48:07,4.423,-7.3528,73.26,86,80,9.04,broken clouds
306,Red Bluff,US,2022-08-09 01:48:07,40.1785,-122.2358,99.28,11,0,14.97,clear sky
307,Ust-Kuyga,RU,2022-08-09 01:48:08,70.0167,135.6,67.12,47,71,2.13,broken clouds
308,Outlook,CA,2022-08-09 01:48:08,51.5001,-107.0513,76.35,40,0,19.01,clear sky
309,Gaoyou,CN,2022-08-09 01:48:08,32.7858,119.4278,91.51,63,100,7.83,overcast clouds
310,Lasa,IT,2022-08-09 01:48:09,46.6166,10.7002,65.28,84,0,2.42,clear sky
311,Barao De Melgaco,BR,2022-08-09 01:48:09,-16.1944,-55.9675,74.12,86,100,2.98,overcast clouds
312,Sal Rei,CV,2022-08-09 01:48:09,16.1833,-22.9167,77.99,79,100,2.13,overcast clouds
313,Mahon,ES,2022-08-09 01:48:10,39.8885,4.2658,77.56,88,0,2.3,clear sky
314,Hovd,MN,2022-08-09 01:48:10,48.0056,91.6419,69.3,39,100,1.61,overcast clouds
315,Dunkirk,FR,2022-08-09 01:48:10,51.05,2.3667,65.08,89,7,10.2,clear sky
316,Antalaha,MG,2022-08-09 01:48:11,-14.9003,50.2788,68.56,80,96,7.99,overcast clouds
317,Sabang,ID,2022-08-09 01:48:11,5.8933,95.3214,82.27,72,100,15.01,overcast clouds
318,Mahanje,TZ,2022-08-09 01:48:11,-9.9333,35.3333,53.76,78,3,2.77,clear sky
319,Ilheus,BR,2022-08-09 01:45:16,-14.7889,-39.0494,67.82,100,20,5.75,few clouds
320,Aykhal,RU,2022-08-09 01:48:12,66.0,111.5,56.17,65,20,5.73,few clouds
321,Derbent,RU,2022-08-09 01:48:12,42.0678,48.2899,73.54,60,0,8.61,clear sky
322,Serik,TR,2022-08-09 01:48:12,36.9169,31.0989,79.05,83,0,3.33,clear sky
323,Souillac,MU,2022-08-09 01:48:13,-20.5167,57.5167,70.18,78,40,11.5,scattered clouds
324,Tuatapere,NZ,2022-08-09 01:48:13,-46.1333,167.6833,42.98,57,5,5.5,clear sky
325,Rexburg,US,2022-08-09 01:48:14,43.826,-111.7897,89.11,20,0,6.91,clear sky
326,Saint-Augustin,CA,2022-08-09 01:48:14,51.226,-58.6502,56.62,67,100,2.71,overcast clouds
327,Lubango,AO,2022-08-09 01:48:14,-14.9172,13.4925,57.72,22,0,5.3,clear sky
328,Allapalli,IN,2022-08-09 01:48:15,19.4167,80.0667,74.52,98,100,4.92,overcast clouds
329,Thunder Bay,CA,2022-08-09 01:45:22,48.4001,-89.3168,66.18,72,20,3.44,few clouds
330,Boromo,BF,2022-08-09 01:48:15,11.75,-2.9333,76.48,80,96,5.44,light rain
331,Tura,IN,2022-08-09 01:48:15,25.5198,90.2201,80.11,80,3,6.06,clear sky
332,Susehri,TR,2022-08-09 01:48:16,40.1644,38.0867,61.18,89,8,2.33,clear sky
333,Srednekolymsk,RU,2022-08-09 01:48:16,67.45,153.6833,80.67,41,73,2.84,broken clouds
334,Peniche,PT,2022-08-09 01:48:16,39.3558,-9.3811,66.11,89,6,4.14,clear sky
335,Tateyama,JP,2022-08-09 01:48:17,34.9833,139.8667,88.11,80,99,22.06,overcast clouds
336,Najran,SA,2022-08-09 01:48:17,17.4924,44.1277,84.85,56,28,7.63,scattered clouds
337,Vazante,BR,2022-08-09 01:48:17,-17.9869,-46.9078,69.76,52,16,4.59,few clouds
338,Pundaguitan,PH,2022-08-09 01:48:18,6.3711,126.1689,80.56,76,100,5.93,overcast clouds
339,Along,IN,2022-08-09 01:48:18,28.1667,94.7667,83.61,79,96,1.32,overcast clouds
340,Ichinohe,JP,2022-08-09 01:48:18,40.2069,141.3017,73.96,71,100,9.28,overcast clouds
341,Surt,LY,2022-08-09 01:48:19,31.2089,16.5887,80.17,72,0,4.21,clear sky
342,Cabedelo,BR,2022-08-09 01:48:19,-6.9811,-34.8339,74.07,83,1,13.58,clear sky
343,Toora-Khem,RU,2022-08-09 01:48:19,52.4675,96.11,66.15,53,88,0.6,overcast clouds
344,Port-Gentil,GA,2022-08-09 01:48:20,-0.7193,8.7815,73.76,86,100,16.8,light rain
345,Maniitsoq,GL,2022-08-09 01:48:20,65.4167,-52.9,42.04,89,88,7.31,overcast clouds
346,Pocoes,BR,2022-08-09 01:48:21,-14.5297,-40.3653,57.13,91,92,3.13,overcast clouds
347,Paita,PE,2022-08-09 01:48:21,-5.0892,-81.1144,63.03,84,5,13.69,clear sky
348,Usinsk,RU,2022-08-09 01:48:21,65.9939,57.5281,58.53,65,100,8.12,overcast clouds
349,The Valley,AI,2022-08-09 01:48:22,18.217,-63.0578,84.06,78,0,20.11,clear sky
350,Yumen,CN,2022-08-09 01:48:22,40.2833,97.2,73.15,52,76,18.79,broken clouds
351,Road Town,VG,2022-08-09 01:48:25,18.4167,-64.6167,82.49,78,40,12.66,scattered clouds
352,Ramnagar,IN,2022-08-09 01:48:25,29.4,79.1167,83.57,74,99,2.82,overcast clouds
353,Kaduqli,SD,2022-08-09 01:48:26,11.0167,29.7167,69.64,97,100,3.4,moderate rain
354,Kutum,SD,2022-08-09 01:48:26,14.2,24.6667,73.85,68,100,4.5,overcast clouds
355,Morondava,MG,2022-08-09 01:48:26,-20.2833,44.2833,67.98,82,0,4.79,clear sky
356,San Benito,US,2022-08-09 01:48:27,36.6166,-121.0844,77.86,27,0,7.31,clear sky
357,Itoman,JP,2022-08-09 01:48:27,26.1247,127.6694,90.37,74,40,10.36,scattered clouds
358,Zhezkazgan,KZ,2022-08-09 01:48:27,47.8043,67.7144,57.18,77,20,11.18,few clouds
359,Freeport,US,2022-08-09 01:48:28,40.6576,-73.5832,89.58,74,0,14.97,clear sky
360,Cherskiy,RU,2022-08-09 01:48:28,68.75,161.3,69.01,27,100,17.54,overcast clouds
361,Sao Miguel Do Araguaia,BR,2022-08-09 01:48:28,-13.275,-50.1628,80.47,31,20,3.87,few clouds
362,Dekar,BW,2022-08-09 01:48:29,-21.5333,21.9333,51.28,28,5,8.03,clear sky
363,Kavieng,PG,2022-08-09 01:48:29,-2.5744,150.7967,83.73,70,20,10.07,few clouds
364,Zhicheng,CN,2022-08-09 01:48:29,30.2956,111.5047,92.95,59,61,4.0,broken clouds
365,Port Hardy,CA,2022-08-09 01:45:22,50.6996,-127.4199,66.38,63,20,9.22,few clouds
366,Alice Springs,AU,2022-08-09 01:48:30,-23.7,133.8833,65.75,19,5,11.5,clear sky
367,Salym,RU,2022-08-09 01:48:30,60.0625,71.4789,69.73,65,0,4.47,clear sky
368,Nyurba,RU,2022-08-09 01:48:30,63.2842,118.3319,64.74,69,100,7.36,overcast clouds
369,Mandera,KE,2022-08-09 01:48:31,3.9366,41.867,72.48,61,35,14.63,scattered clouds
370,Eucaliptus,BO,2022-08-09 01:48:31,-17.5833,-67.5167,43.52,36,60,11.36,broken clouds
371,Jiwani,PK,2022-08-09 01:48:31,25.05,61.7417,80.69,87,100,6.69,overcast clouds
372,Erzin,TR,2022-08-09 01:48:32,36.9559,36.2,76.14,83,99,2.48,overcast clouds
373,Jequitinhonha,BR,2022-08-09 01:48:32,-16.4339,-41.0033,67.95,68,75,3.62,broken clouds
374,Presidencia Roque Saenz Pena,AR,2022-08-09 01:48:32,-26.7852,-60.4388,53.85,76,64,5.77,broken clouds
375,Rocha,UY,2022-08-09 01:48:26,-34.4833,-54.3333,44.26,87,97,2.26,overcast clouds
376,Lichinga,MZ,2022-08-09 01:48:33,-13.3128,35.2406,59.09,63,20,5.01,few clouds
377,Makakilo City,US,2022-08-09 01:48:33,21.3469,-158.0858,86.32,56,0,18.41,clear sky
378,Monterey,US,2022-08-09 01:48:34,36.2505,-121.2516,84.18,35,6,12.59,clear sky
379,Saint Anthony,US,2022-08-09 01:48:34,45.0205,-93.218,73.02,65,40,9.22,scattered clouds
380,Pativilca,PE,2022-08-09 01:48:34,-10.7,-77.7833,61.05,83,38,8.39,scattered clouds
381,Karakol,KG,2022-08-09 01:48:35,42.4907,78.3936,65.28,57,4,1.66,clear sky
382,Tauranga,NZ,2022-08-09 01:45:01,-37.6861,176.1667,52.93,93,100,3.0,moderate rain
383,Namatanai,PG,2022-08-09 01:48:35,-3.6667,152.4333,84.81,65,23,4.54,few clouds
384,Shubarshi,KZ,2022-08-09 01:48:35,48.5872,57.1869,71.01,45,5,6.85,clear sky
385,Dehloran,IR,2022-08-09 01:48:36,32.6941,47.2679,97.21,15,0,8.81,clear sky
386,Oskemen,KZ,2022-08-09 01:48:36,49.9565,82.6119,62.56,72,100,2.24,moderate rain
387,Mbuji-Mayi,CD,2022-08-09 01:48:36,-6.15,23.6,71.8,35,16,2.42,few clouds
388,Shubarkuduk,KZ,2022-08-09 01:48:37,49.1447,56.4872,71.17,48,22,5.03,few clouds
389,Bom Jesus Do Galho,BR,2022-08-09 01:48:37,-19.8289,-42.3161,64.99,55,53,3.74,broken clouds
390,Quatre Cocos,MU,2022-08-09 01:48:37,-20.2078,57.7625,69.91,75,57,14.88,light rain
391,Kanata,CA,2022-08-09 01:48:38,45.3159,-75.8985,62.51,97,100,12.66,heavy intensity rain
392,Port Lincoln,AU,2022-08-09 01:48:38,-34.7333,135.8667,58.91,47,17,12.41,few clouds
393,Faridpur,BD,2022-08-09 01:48:38,23.6,89.8333,82.71,81,32,20.58,scattered clouds
394,Evensk,RU,2022-08-09 01:48:42,61.95,159.2333,62.15,61,45,5.77,scattered clouds
395,Khonsa,IN,2022-08-09 01:48:42,27.0167,95.5667,77.88,73,100,1.3,overcast clouds
396,Acapulco,MX,2022-08-09 01:48:42,16.8634,-99.8901,81.21,78,100,0.94,overcast clouds
397,Bereznyky,UA,2022-08-09 01:48:43,48.5141,23.2198,62.15,98,100,5.35,overcast clouds
398,Nindiri,NI,2022-08-09 01:48:43,12.0039,-86.1213,75.16,88,40,4.61,scattered clouds
399,Springbok,ZA,2022-08-09 01:48:43,-29.6643,17.8865,49.32,42,41,8.41,scattered clouds
400,Alekseyevsk,RU,2022-08-09 01:48:44,57.8406,108.3492,52.75,82,100,2.82,overcast clouds
401,Pascagoula,US,2022-08-09 01:48:44,30.3658,-88.5561,75.92,97,0,3.44,clear sky
402,Gao,ML,2022-08-09 01:48:44,16.6362,1.637,86.59,46,29,11.3,scattered clouds
403,Weligama,LK,2022-08-09 01:48:45,5.9667,80.4167,78.28,84,100,10.27,overcast clouds
404,Burns Lake,CA,2022-08-09 01:45:22,54.2331,-125.7533,72.82,33,0,0.11,clear sky
405,Santa Cruz Cabralia,BR,2022-08-09 01:48:45,-16.2781,-39.0247,66.43,94,20,3.44,few clouds
406,Diego De Almagro,CL,2022-08-09 01:48:45,-26.3667,-70.05,55.47,36,0,2.89,clear sky
407,Teguldet,RU,2022-08-09 01:48:46,57.3064,88.1667,67.35,64,9,4.99,clear sky
408,Ambilobe,MG,2022-08-09 01:46:32,-13.2,49.05,62.82,88,11,3.6,few clouds
409,Batagay,RU,2022-08-09 01:48:46,67.6333,134.6333,72.14,46,50,2.19,scattered clouds
410,Baherden,TM,2022-08-09 01:48:47,38.4362,57.4316,83.95,27,0,4.97,clear sky
411,San Cristobal,VE,2022-08-09 01:48:47,7.7669,-72.225,77.18,93,58,2.71,broken clouds
412,Krasnoselkup,RU,2022-08-09 01:48:47,65.7,82.4667,74.16,61,0,10.25,clear sky
413,Arlit,NE,2022-08-09 01:48:48,18.7369,7.3853,87.57,43,100,15.64,light rain
414,Hua Hin,TH,2022-08-09 01:48:48,12.5707,99.9588,77.02,100,75,0.0,light rain
415,Kununurra,AU,2022-08-09 01:48:48,-15.7667,128.7333,87.78,25,3,10.36,clear sky
416,Algiers,DZ,2022-08-09 01:45:34,36.7525,3.042,71.42,73,20,2.3,few clouds
417,Odweyne,SO,2022-08-09 01:48:49,9.4092,45.064,73.94,49,94,18.99,overcast clouds
418,Methoni,GR,2022-08-09 01:48:49,36.8197,21.7049,78.22,52,0,8.93,clear sky
419,Te Anau,NZ,2022-08-09 01:48:49,-45.4167,167.7167,34.83,82,17,0.96,few clouds
420,Sur,OM,2022-08-09 01:48:50,22.5667,59.5289,89.67,52,100,4.72,overcast clouds
421,Walvis Bay,NA,2022-08-09 01:48:50,-22.9575,14.5053,53.1,100,35,8.05,scattered clouds
422,Nabire,ID,2022-08-09 01:48:50,-3.3667,135.4833,75.06,95,100,4.65,overcast clouds
423,Somerset East,ZA,2022-08-09 01:48:51,-32.7217,25.588,50.85,79,100,6.29,overcast clouds
424,Moerai,PF,2022-08-09 01:48:51,-22.4333,-151.3333,71.29,72,94,27.22,overcast clouds
425,Bubaque,GW,2022-08-09 01:48:52,11.2833,-15.8333,79.41,83,65,13.02,light rain
426,Kyabe,TD,2022-08-09 01:48:52,9.4515,18.9449,71.31,92,34,3.85,scattered clouds
427,Minatitlan,MX,2022-08-09 01:48:52,17.9833,-94.5167,77.36,82,81,7.07,broken clouds
428,Rehoboth,NA,2022-08-09 01:48:52,-23.3167,17.0833,50.67,31,14,1.36,few clouds
429,Clyde River,CA,2022-08-09 01:48:53,70.4692,-68.5914,44.83,70,100,17.27,overcast clouds
430,Verkh-Tula,RU,2022-08-09 01:48:53,54.8839,82.7762,60.58,100,0,6.71,clear sky
431,Arbazh,RU,2022-08-09 01:48:53,57.6804,48.3065,63.55,89,100,3.15,overcast clouds
432,Ahipara,NZ,2022-08-09 01:48:54,-35.1667,173.1667,58.44,79,7,4.23,clear sky
433,Lukulu,ZM,2022-08-09 01:48:54,-14.3707,23.242,54.52,30,0,6.24,clear sky
434,Vila Franca Do Campo,PT,2022-08-09 01:48:54,37.7167,-25.4333,70.21,90,47,5.14,scattered clouds
435,Tsovazard,AM,2022-08-09 01:48:55,40.4709,45.0588,56.32,93,88,4.56,overcast clouds
436,Dire Dawa,ET,2022-08-09 01:48:55,9.5931,41.8661,70.0,70,100,8.97,light rain
437,Shadegan,IR,2022-08-09 01:48:55,30.6497,48.6647,93.15,14,0,14.52,clear sky
438,Oume,JP,2022-08-09 01:48:56,35.7839,139.2431,95.02,49,40,12.66,scattered clouds
439,Solnechnyy,RU,2022-08-09 01:48:56,50.7214,136.6319,70.97,45,42,10.65,scattered clouds
440,Nouadhibou,MR,2022-08-09 01:48:56,20.931,-17.0347,72.63,85,4,12.39,clear sky
441,Buala,SB,2022-08-09 01:48:57,-8.145,159.5921,85.19,67,18,5.1,few clouds
442,Tanout,NE,2022-08-09 01:48:57,14.9709,8.8879,77.7,60,100,9.48,overcast clouds
443,Saint-Leu,RE,2022-08-09 01:48:57,-21.15,55.2833,65.32,74,10,10.47,clear sky
444,Corinth,GR,2022-08-09 01:48:58,37.9407,22.9573,83.89,52,0,12.62,clear sky
445,Tobermory,CA,2022-08-09 01:47:13,45.2501,-81.6665,59.54,85,92,19.95,overcast clouds
446,Viedma,AR,2022-08-09 01:48:58,-40.8135,-62.9967,43.88,70,91,8.19,overcast clouds
447,Sakakah,SA,2022-08-09 01:48:58,29.9697,40.2064,96.37,27,3,11.9,clear sky
448,Hereford,GB,2022-08-09 01:48:59,52.0568,-2.7148,61.05,81,2,5.55,clear sky
449,El Bordo,CO,2022-08-09 01:48:59,2.117,-76.9821,67.41,89,85,2.24,overcast clouds
450,Okha,RU,2022-08-09 01:48:59,53.5739,142.9478,60.44,96,100,5.88,overcast clouds
451,Monte Escobedo,MX,2022-08-09 01:49:00,22.3,-103.5833,64.15,50,99,3.0,overcast clouds
452,Iqaluit,CA,2022-08-09 01:49:00,63.7506,-68.5145,47.93,81,20,2.3,few clouds
453,Bon Accord,CA,2022-08-09 01:49:00,53.8335,-113.4187,71.15,57,0,5.79,clear sky
454,Lata,PT,2022-08-09 01:49:01,40.1629,-8.3327,60.31,90,0,2.53,clear sky
455,Lucapa,AO,2022-08-09 01:49:01,-8.4192,20.7447,64.27,31,2,1.28,clear sky
456,Bahia Honda,CU,2022-08-09 01:49:01,22.9036,-83.1592,80.28,83,9,8.79,heavy intensity rain
457,Montrose,US,2022-08-09 01:49:02,38.4166,-108.2673,81.81,34,9,4.88,clear sky
458,Acarau,BR,2022-08-09 01:49:02,-2.8856,-40.12,76.46,81,4,13.58,clear sky
459,Ugoofaaru,MV,2022-08-09 01:49:02,5.6667,73.0,81.1,81,100,16.04,overcast clouds
460,Lagoa,PT,2022-08-09 01:49:03,39.05,-27.9833,73.02,79,3,13.53,clear sky
461,Dawei,MM,2022-08-09 01:49:03,14.0833,98.2,76.78,87,100,1.97,overcast clouds
462,Ferrol,ES,2022-08-09 01:49:04,43.4832,-8.2369,68.68,82,0,9.37,clear sky
463,Fort Wellington,GY,2022-08-09 01:49:04,6.4,-57.6,78.73,86,100,8.41,overcast clouds
464,Kalmunai,LK,2022-08-09 01:49:04,7.4167,81.8167,80.15,62,85,5.28,overcast clouds
465,Nanakuli,US,2022-08-09 01:49:04,21.3906,-158.1547,87.75,51,0,18.41,clear sky
466,Flin Flon,CA,2022-08-09 01:49:05,54.7682,-101.865,62.19,84,73,15.77,broken clouds
467,Jieshi,CN,2022-08-09 01:49:05,22.8134,115.8257,82.27,81,100,21.12,overcast clouds
468,Tashla,RU,2022-08-09 01:49:05,51.7716,52.7427,70.34,61,100,6.2,overcast clouds
469,Stony Plain,CA,2022-08-09 01:49:06,53.5334,-114.0021,69.53,43,0,11.5,clear sky
470,Taltal,CL,2022-08-09 01:49:06,-25.4,-70.4833,60.39,62,0,4.99,clear sky
471,Ixtapa,MX,2022-08-09 01:49:06,20.7,-105.2,79.12,90,98,1.52,overcast clouds
472,Uglovka,RU,2022-08-09 01:49:07,58.2392,33.5108,53.94,87,99,5.01,overcast clouds
473,Aksu,CN,2022-08-09 01:49:09,41.1231,80.2644,78.94,45,100,1.61,overcast clouds
474,Half Moon Bay,US,2022-08-09 01:48:38,37.4636,-122.4286,77.58,72,20,23.02,few clouds
475,Sebring,US,2022-08-09 01:49:09,27.4956,-81.4409,78.75,97,0,5.75,clear sky
476,Bam,IR,2022-08-09 01:49:09,29.106,58.357,87.21,17,4,8.84,clear sky
477,Boa Vista,BR,2022-08-09 01:48:29,2.8197,-60.6733,85.98,62,0,4.61,clear sky
478,Ola,RU,2022-08-09 01:49:10,59.5833,151.2833,79.14,59,81,1.52,broken clouds
479,Suntar,RU,2022-08-09 01:49:10,62.1444,117.6319,63.99,73,100,7.67,overcast clouds
480,Benin,BJ,2022-08-09 01:49:10,9.5,2.25,71.01,98,100,4.0,overcast clouds
481,Kirkwall,GB,2022-08-09 01:49:11,58.9848,-2.9587,58.96,100,40,1.14,light rain
482,Mpraeso,GH,2022-08-09 01:49:11,6.5932,-0.7346,66.96,93,100,4.09,overcast clouds
483,Puerto El Triunfo,SV,2022-08-09 01:49:11,13.2833,-88.55,81.52,83,100,2.51,moderate rain
484,Quebo,GW,2022-08-09 01:49:12,11.3333,-14.9333,74.23,96,91,2.84,overcast clouds
485,Santona,ES,2022-08-09 01:44:43,43.4439,-3.4576,70.59,70,12,4.5,few clouds
486,Mount Gambier,AU,2022-08-09 01:49:12,-37.8333,140.7667,55.74,60,5,5.01,clear sky
487,Nouakchott,MR,2022-08-09 01:49:12,18.0858,-15.9785,80.53,84,0,17.31,clear sky
488,Sinnamary,GF,2022-08-09 01:49:13,5.3833,-52.95,79.25,85,95,10.27,overcast clouds
489,Dwarka,IN,2022-08-09 01:49:13,22.2394,68.9678,81.46,86,100,8.1,overcast clouds
490,Bambanglipuro,ID,2022-08-09 01:49:13,-7.95,110.2833,80.94,71,49,11.34,scattered clouds
491,Fare,PF,2022-08-09 01:49:14,-16.7,-151.0167,76.48,62,33,15.12,scattered clouds
492,Lypova Dolyna,UA,2022-08-09 01:49:14,50.5643,33.7979,61.38,95,73,7.2,broken clouds
493,Asau,RO,2022-08-09 01:49:14,46.4333,26.4,65.32,87,4,3.36,light rain
494,Moose Factory,CA,2022-08-09 01:49:15,51.2585,-80.6094,59.0,77,0,6.91,clear sky
495,Nuuk,GL,2022-08-09 01:49:15,64.1835,-51.7216,39.81,100,100,8.05,overcast clouds
496,Norilsk,RU,2022-08-09 01:49:15,69.3535,88.2027,65.43,81,12,4.34,light rain
497,Fallon,US,2022-08-09 01:49:16,39.4735,-118.7774,80.47,47,100,6.91,overcast clouds
498,Dumas,US,2022-08-09 01:49:16,35.8656,-101.9732,75.61,83,40,0.0,scattered clouds
499,Port Blair,IN,2022-08-09 01:49:16,11.6667,92.75,82.44,83,75,6.91,mist
500,Gombong,ID,2022-08-09 01:49:20,-7.6072,109.5142,80.89,71,30,6.91,scattered clouds
501,Antofagasta,CL,2022-08-09 01:48:43,-23.65,-70.4,54.68,70,42,4.16,scattered clouds
502,Gold Coast,AU,2022-08-09 01:49:21,-28.0,153.4333,71.01,60,0,9.22,clear sky
503,Pombas,CV,2022-08-09 01:49:21,17.1503,-25.0201,76.78,77,97,5.14,overcast clouds
504,Toucheng,TW,2022-08-09 01:49:21,24.8592,121.8233,97.09,62,1,10.51,clear sky
505,Changde,CN,2022-08-09 01:49:22,29.0464,111.6783,95.92,54,100,5.7,overcast clouds
506,Grand Bend,CA,2022-08-09 01:49:22,43.3168,-81.7498,69.22,91,100,17.0,overcast clouds
507,Kyaukse,MM,2022-08-09 01:49:22,21.6,96.1333,78.85,83,99,3.13,light rain
508,Senador Jose Porfirio,BR,2022-08-09 01:49:23,-2.5908,-51.9542,76.64,71,37,2.26,scattered clouds
509,Lazurne,UA,2022-08-09 01:49:23,46.084,32.5295,74.8,53,0,12.12,clear sky
510,Guerrero Negro,MX,2022-08-09 01:49:23,27.9769,-114.0611,77.31,72,14,15.43,few clouds
511,Biloela,AU,2022-08-09 01:49:24,-24.4167,150.5,64.9,32,0,7.9,clear sky
512,Baijiantan,CN,2022-08-09 01:49:24,45.6333,85.1833,87.67,32,52,9.6,broken clouds
513,Chachapoyas,PE,2022-08-09 01:49:24,-6.2317,-77.869,52.38,95,31,3.98,scattered clouds
514,Guaratuba,BR,2022-08-09 01:49:25,-25.8828,-48.5747,62.55,95,100,4.18,light rain
515,Naze,JP,2022-08-09 01:49:25,28.3667,129.4833,85.12,69,89,6.31,overcast clouds
516,Doljesti,RO,2022-08-09 01:49:26,47.0333,26.9833,66.47,88,7,5.66,clear sky
517,Suozhen,CN,2022-08-09 01:49:26,36.9539,118.1047,72.97,90,100,13.98,overcast clouds
518,Karratha,AU,2022-08-09 01:49:26,-20.7377,116.8463,74.66,33,83,16.04,broken clouds
519,Balkhash,KZ,2022-08-09 01:49:27,46.844,74.9804,66.81,68,0,8.95,clear sky
520,Wanning,CN,2022-08-09 01:49:27,18.8003,110.3967,82.98,85,100,12.53,overcast clouds
521,Cockburn Town,TC,2022-08-09 01:49:27,21.4612,-71.1419,81.93,87,100,22.64,overcast clouds
522,Lokosovo,RU,2022-08-09 01:49:28,61.1333,74.8167,70.14,65,0,4.52,clear sky
523,Kiunga,PG,2022-08-09 01:49:28,-6.1219,141.2906,83.59,70,100,5.35,overcast clouds
524,Yukamenskoye,RU,2022-08-09 01:49:28,57.8865,52.2416,64.8,84,94,2.95,overcast clouds
525,Jedrzejow,PL,2022-08-09 01:49:29,50.6394,20.3045,57.36,79,0,1.01,clear sky
526,Tukan,RU,2022-08-09 01:49:29,53.8409,57.4552,60.24,91,65,2.04,broken clouds
527,Tocopilla,CL,2022-08-09 01:49:29,-22.092,-70.1979,61.59,65,0,4.85,clear sky
528,Vysokogornyy,RU,2022-08-09 01:49:30,50.1167,139.15,69.15,45,11,14.34,few clouds
529,Andenes,NO,2022-08-09 01:49:30,69.3143,16.1194,53.58,87,100,6.91,drizzle
530,Novosheshminsk,RU,2022-08-09 01:49:30,55.0651,51.2338,66.72,78,76,3.04,broken clouds
531,Itapuranga,BR,2022-08-09 01:49:31,-15.5622,-49.9486,73.45,45,21,5.55,few clouds
532,Goderich,CA,2022-08-09 01:49:31,43.7501,-81.7165,66.9,88,100,18.41,overcast clouds
533,Erenhot,CN,2022-08-09 01:49:31,43.6475,111.9767,75.94,45,0,5.95,clear sky
534,Jambi,ID,2022-08-09 01:49:32,-1.6,103.6167,82.27,70,36,5.01,scattered clouds
535,Darhan,MN,2022-08-09 01:49:32,49.4867,105.9228,64.0,64,95,0.36,overcast clouds
536,Kieta,PG,2022-08-09 01:49:32,-6.2167,155.6333,84.25,70,45,6.11,light rain
537,Saint Stephen,GB,2022-08-09 01:45:39,50.3333,-4.9,62.87,82,8,8.05,clear sky
538,Alghero,IT,2022-08-09 01:49:33,40.5589,8.3181,69.89,100,48,3.44,scattered clouds
539,Beyneu,KZ,2022-08-09 01:49:33,45.3167,55.2,81.84,29,98,5.68,overcast clouds
540,Lewistown,US,2022-08-09 01:49:33,40.5992,-77.5714,81.81,94,20,0.0,few clouds
541,Broome,US,2022-08-09 01:49:34,42.2506,-75.833,79.18,72,0,6.91,clear sky
542,Beringovskiy,RU,2022-08-09 01:49:34,63.05,179.3167,48.47,60,32,7.47,scattered clouds
543,Deputatskiy,RU,2022-08-09 01:49:34,69.3,139.9,62.08,67,87,2.68,light rain
544,Rio Cuarto,AR,2022-08-09 01:49:35,-33.1307,-64.3499,43.66,93,100,10.36,overcast clouds
545,Aguimes,ES,2022-08-09 01:49:35,27.9054,-15.4461,68.67,78,75,23.02,broken clouds
546,Zhaodong,CN,2022-08-09 01:49:35,46.0833,125.9833,74.25,44,0,16.51,clear sky
547,Leshukonskoye,RU,2022-08-09 01:49:36,64.8989,45.7622,51.15,80,18,2.77,few clouds
548,Santiago De Cao,PE,2022-08-09 01:49:36,-7.9589,-79.2392,60.93,82,75,9.22,fog
549,Fenoarivo,MG,2022-08-09 01:49:36,-18.933,47.4354,46.47,100,75,2.3,broken clouds
550,Lambarene,GA,2022-08-09 01:49:37,-0.7001,10.2406,72.16,83,100,4.81,overcast clouds
551,Monte Azul Paulista,BR,2022-08-09 01:49:37,-20.9072,-48.6414,61.68,89,100,3.31,overcast clouds
552,Chiredzi,ZW,2022-08-09 01:49:37,-21.05,31.6667,60.62,23,0,4.12,clear sky
553,Shakhovskaya,RU,2022-08-09 01:49:37,56.0283,35.5097,52.05,96,100,5.73,overcast clouds
554,Hlukhiv,UA,2022-08-09 01:49:38,51.6782,33.9162,59.47,97,99,5.59,overcast clouds
555,Gainesville,US,2022-08-09 01:49:18,29.6516,-82.3248,75.31,91,0,0.0,clear sky
556,Magura,RO,2022-08-09 01:49:38,45.2667,26.5833,70.34,64,0,7.81,clear sky
557,Sao Jose De Piranhas,BR,2022-08-09 01:49:39,-7.1206,-38.5019,69.19,68,4,5.68,clear sky
558,Kapit,MY,2022-08-09 01:49:39,2.0167,112.9333,80.49,84,99,2.77,overcast clouds
559,Fortuna,US,2022-08-09 01:49:39,40.5982,-124.1573,70.93,70,0,12.66,clear sky
560,Yangjiang,CN,2022-08-09 01:49:40,21.85,111.9667,84.79,73,30,15.23,scattered clouds
561,Kiruna,SE,2022-08-09 01:49:40,67.8557,20.2251,41.92,87,100,5.75,overcast clouds
562,Puerto Asis,CO,2022-08-09 01:49:40,0.5133,-76.5007,71.02,95,26,0.96,scattered clouds
563,Azul,AR,2022-08-09 01:49:40,-36.777,-59.8585,39.34,75,43,4.63,scattered clouds
564,San Patricio,US,2022-08-09 01:49:41,28.017,-97.5169,87.66,67,7,10.8,clear sky
565,San Miguel,SV,2022-08-09 01:49:41,13.4833,-88.1833,80.26,100,40,2.3,light rain
566,Vestmannaeyjar,IS,2022-08-09 01:49:42,63.4427,-20.2734,52.09,94,100,26.51,light rain
567,Malmesbury,ZA,2022-08-09 01:49:42,-33.4608,18.7271,49.78,84,0,1.52,clear sky
568,Northam,GB,2022-08-09 01:49:42,51.0333,-4.2167,60.39,79,4,2.46,clear sky
569,Zlatoust,RU,2022-08-09 01:49:43,55.1711,59.6508,60.98,93,13,0.89,few clouds
570,Esperance,AU,2022-08-09 01:49:43,-33.8667,121.9,54.95,69,43,16.35,scattered clouds
571,Verkhnyaya Inta,RU,2022-08-09 01:49:43,65.9811,60.3094,57.97,72,99,10.76,overcast clouds
572,Baruun-Urt,MN,2022-08-09 01:49:44,46.6806,113.2792,72.23,33,4,4.32,clear sky
573,Touros,BR,2022-08-09 01:48:27,-5.1989,-35.4608,73.94,88,22,12.82,few clouds
574,Petatlan,MX,2022-08-09 01:49:44,17.5167,-101.2667,77.85,85,92,2.1,overcast clouds
575,Gongzhuling,CN,2022-08-09 01:49:44,43.5008,124.8198,72.39,71,16,12.12,few clouds
576,Havelock,US,2022-08-09 01:49:45,34.8791,-76.9013,82.94,85,0,9.51,clear sky
577,Kungurtug,RU,2022-08-09 01:49:45,50.5994,97.5228,63.73,65,100,0.49,overcast clouds
578,Neftegorsk,RU,2022-08-09 01:49:45,52.802,51.166,66.92,76,80,5.7,broken clouds
579,Orlik,RU,2022-08-09 01:49:46,52.5178,99.825,61.25,59,71,0.94,broken clouds
580,Maracacume,BR,2022-08-09 01:49:46,-2.0428,-45.9592,71.65,97,8,1.97,clear sky
581,Burma,MM,2022-08-09 01:49:46,22.0,98.0,73.27,88,59,1.92,broken clouds
582,Big Spring,US,2022-08-09 01:49:47,32.2504,-101.4787,88.25,40,100,8.05,overcast clouds
583,Russell,US,2022-08-09 01:45:18,32.3502,-85.1999,74.8,88,100,5.75,overcast clouds
584,Nioro,GM,2022-08-09 01:49:47,13.35,-15.75,76.01,94,70,4.72,broken clouds
585,Mantua,IT,2022-08-09 01:49:47,45.1667,10.7833,79.84,70,41,7.29,scattered clouds
586,Placerville,US,2022-08-09 01:46:39,38.7296,-120.7986,85.78,32,0,3.44,clear sky
587,Port Hawkesbury,CA,2022-08-09 01:46:04,45.6169,-61.3485,62.87,95,100,4.61,moderate rain
588,Pandan,PH,2022-08-09 01:49:48,14.0453,124.1694,85.41,68,100,1.61,overcast clouds
589,Linguere,SN,2022-08-09 01:49:48,15.3953,-15.1193,82.45,72,58,9.44,broken clouds
590,Marovoay,MG,2022-08-09 01:49:49,-16.1,46.6333,63.18,70,2,5.95,clear sky
591,Tripoli,LY,2022-08-09 01:49:49,32.8752,13.1875,80.11,77,0,1.32,clear sky
592,Baykalsk,RU,2022-08-09 01:49:49,51.5058,104.1469,61.07,61,32,0.72,scattered clouds
593,Kumluca,TR,2022-08-09 01:49:50,36.3703,30.2869,78.42,77,0,2.8,clear sky
594,Marsabit,KE,2022-08-09 01:49:50,2.3284,37.9899,58.28,72,76,17.36,broken clouds
595,Gramsh,AL,2022-08-09 01:49:50,40.8697,20.1844,74.1,34,18,5.75,few clouds
596,Moscow,RU,2022-08-09 01:47:47,55.7522,37.6156,61.32,81,100,5.26,overcast clouds
597,Xining,CN,2022-08-09 01:49:51,36.6167,101.7667,70.03,74,100,2.06,overcast clouds
598,Ende,ID,2022-08-09 01:49:51,-8.8432,121.6623,84.33,67,65,2.57,broken clouds
599,Akdepe,TM,2022-08-09 01:49:51,42.0551,59.3788,73.49,42,100,7.14,overcast clouds
600,Fairbanks,US,2022-08-09 01:49:55,64.8378,-147.7164,62.56,57,75,9.22,broken clouds
601,Anadyr,RU,2022-08-09 01:49:56,64.75,177.4833,50.5,53,0,8.95,clear sky
602,Beni,CD,2022-08-09 01:49:56,0.5,29.4667,63.21,89,86,1.97,overcast clouds
603,Vila,PT,2022-08-09 01:49:56,42.0304,-8.1588,60.69,85,0,3.98,clear sky
604,Laguna,US,2022-08-09 01:49:57,38.421,-121.4238,93.18,39,0,13.8,clear sky
605,Koumac,NC,2022-08-09 01:49:57,-20.5667,164.2833,72.19,59,65,13.98,broken clouds
606,Limoges,FR,2022-08-09 01:48:28,45.75,1.3333,70.36,40,0,11.5,clear sky
607,Wufeng,CN,2022-08-09 01:49:57,27.45,104.8333,70.52,74,97,3.85,overcast clouds
608,Dire,ML,2022-08-09 01:49:58,12.2833,-10.9667,69.67,98,99,1.86,light rain
609,Ndende,GA,2022-08-09 01:49:58,-2.4008,11.3581,70.84,82,100,3.87,overcast clouds
610,Puerto Del Rosario,ES,2022-08-09 01:50:00,28.5004,-13.8627,71.35,83,75,11.5,broken clouds
611,Ushtobe,KZ,2022-08-09 01:50:00,45.2514,77.9838,77.32,44,62,7.47,broken clouds
612,Katangli,RU,2022-08-09 01:50:01,51.7102,143.2326,70.52,68,56,13.53,broken clouds
613,Madang,PG,2022-08-09 01:50:01,-5.2246,145.7966,86.22,61,40,5.75,scattered clouds
614,Wasilla,US,2022-08-09 01:50:02,61.5814,-149.4394,53.78,92,100,5.75,moderate rain
615,Shenjiamen,CN,2022-08-09 01:50:02,29.9576,122.298,83.93,79,90,19.55,overcast clouds
616,Adrar,MR,2022-08-09 01:50:02,20.5022,-10.0711,97.0,16,23,6.96,few clouds
617,Williams Lake,CA,2022-08-09 01:45:18,52.1415,-122.1445,78.37,35,0,6.91,clear sky
618,Kudahuvadhoo,MV,2022-08-09 01:50:06,2.6708,72.8944,81.66,76,100,10.2,overcast clouds
619,Phangnga,TH,2022-08-09 01:50:06,8.4509,98.5298,84.24,86,100,3.51,overcast clouds
620,Griffith,US,2022-08-09 01:46:38,41.5284,-87.4237,68.49,95,100,5.75,overcast clouds
621,Camacha,PT,2022-08-09 01:50:07,33.0833,-16.3333,67.42,83,40,13.8,scattered clouds
622,Pedasi,PA,2022-08-09 01:50:07,7.5333,-80.0333,79.07,82,100,3.87,overcast clouds
623,Mayo,US,2022-08-09 01:50:07,38.8876,-76.5119,85.12,92,0,0.0,clear sky
624,San Carlos De Bariloche,AR,2022-08-09 01:48:59,-41.1456,-71.3082,32.25,86,20,5.75,few clouds
625,Olopa,GT,2022-08-09 01:50:08,14.6833,-89.35,62.02,98,97,4.34,overcast clouds
626,Imbituba,BR,2022-08-09 01:50:08,-28.24,-48.6703,64.85,99,100,4.99,overcast clouds
627,Axim,GH,2022-08-09 01:50:09,4.8699,-2.2405,74.21,83,95,9.86,overcast clouds
628,Gedo,ET,2022-08-09 01:50:09,9.0167,37.45,49.89,97,100,1.45,overcast clouds
629,Puerto Baquerizo Moreno,EC,2022-08-09 01:50:09,-0.9,-89.6,68.29,76,88,10.96,overcast clouds
630,Nenjiang,CN,2022-08-09 01:50:10,49.1833,125.2167,69.42,44,2,17.65,clear sky
631,Mookane,BW,2022-08-09 01:50:10,-23.688,26.6595,52.99,33,0,6.87,clear sky
632,Paso De Los Toros,UY,2022-08-09 01:50:10,-32.8167,-56.5167,48.69,77,64,11.41,broken clouds
633,Inverell,AU,2022-08-09 01:50:11,-29.7833,151.1167,63.66,42,0,5.99,clear sky
634,Zamosc,PL,2022-08-09 01:50:11,50.7231,23.252,56.68,77,59,6.64,broken clouds
635,Richards Bay,ZA,2022-08-09 01:50:11,-28.783,32.0377,65.28,84,81,17.92,light rain
636,Kaeo,NZ,2022-08-09 01:50:12,-35.1,173.7833,62.33,84,7,4.76,clear sky
637,Zhigansk,RU,2022-08-09 01:50:12,66.7697,123.3711,58.91,68,62,12.41,broken clouds
638,Watsa,CD,2022-08-09 01:50:12,3.0372,29.5355,62.46,98,20,1.66,few clouds
639,Kaliua,TZ,2022-08-09 01:50:16,-5.0606,31.7936,61.9,43,23,5.64,few clouds
640,Sorland,NO,2022-08-09 01:50:16,67.667,12.6934,55.26,96,100,28.45,light rain
641,Macusani,PE,2022-08-09 01:50:17,-14.0833,-70.4333,34.02,84,62,4.0,broken clouds
642,Ust-Tsilma,RU,2022-08-09 01:50:17,65.441,52.1498,54.32,71,18,3.74,few clouds
643,Portland,US,2022-08-09 01:46:10,45.5234,-122.6762,86.81,48,20,10.36,few clouds
644,San Vicente,AR,2022-08-09 01:50:17,-26.6167,-54.1333,54.63,100,74,1.9,broken clouds
645,Darnah,LY,2022-08-09 01:48:26,32.767,22.6367,79.25,73,0,13.44,clear sky
646,Las Animas,CL,2022-08-09 01:50:18,-39.8087,-73.2182,35.74,97,100,2.04,overcast clouds
647,Rudnichnyy,RU,2022-08-09 01:50:18,59.617,52.4703,58.19,94,91,4.38,overcast clouds
648,Balikpapan,ID,2022-08-09 01:50:18,-1.2675,116.8289,83.39,84,20,5.75,few clouds
649,Onega,RU,2022-08-09 01:50:19,63.9061,38.1404,55.42,78,100,3.6,overcast clouds
650,Nurota,UZ,2022-08-09 01:50:19,40.5614,65.6886,77.63,29,0,4.79,clear sky
651,Tautira,PF,2022-08-09 01:50:19,-17.7333,-149.15,74.82,66,44,10.63,scattered clouds
652,Boras,SE,2022-08-09 01:50:20,57.721,12.9401,52.83,95,3,1.54,clear sky
653,Henties Bay,NA,2022-08-09 01:50:20,-22.116,14.2845,53.33,87,3,2.59,clear sky
654,Luanda,AO,2022-08-09 01:50:20,-8.8368,13.2343,69.8,78,75,4.61,broken clouds
655,Coquimbo,CL,2022-08-09 01:50:21,-29.9533,-71.3436,55.13,71,0,3.44,clear sky
656,Comodoro Rivadavia,AR,2022-08-09 01:50:21,-45.8667,-67.5,44.46,57,0,12.66,clear sky
657,Hofn,IS,2022-08-09 01:50:21,64.2539,-15.2082,51.73,92,100,18.81,overcast clouds
658,Edd,ER,2022-08-09 01:50:22,13.9297,41.6925,87.62,73,99,5.32,light rain
659,Severnyy,RU,2022-08-09 01:50:22,50.677,36.5532,66.24,88,0,4.47,clear sky
660,Nelson Bay,AU,2022-08-09 01:48:51,-32.7167,152.15,57.11,87,100,8.01,light rain
661,Airai,TL,2022-08-09 01:50:23,-8.9266,125.4092,73.2,44,83,5.3,broken clouds
662,Tirau,NZ,2022-08-09 01:50:23,-37.9833,175.75,57.69,73,100,3.94,overcast clouds
663,Havoysund,NO,2022-08-09 01:50:23,70.9963,24.6622,53.83,85,100,12.03,overcast clouds
664,Great Falls,US,2022-08-09 01:48:37,47.5002,-111.3008,94.39,10,0,6.91,clear sky
665,Gap,FR,2022-08-09 01:50:24,44.6667,6.0,53.83,65,0,2.77,clear sky
666,Pogranichnyy,RU,2022-08-09 01:50:24,44.4064,131.3769,78.08,41,17,10.02,few clouds
667,Zhangye,CN,2022-08-09 01:50:24,38.9342,100.4517,74.88,56,85,2.95,overcast clouds
668,Portsmouth,GB,2022-08-09 01:49:06,50.799,-1.0913,60.31,86,0,7.9,clear sky
669,Kabinda,CD,2022-08-09 01:50:25,-6.1333,24.4833,65.97,36,0,3.18,clear sky
670,Armidale,AU,2022-08-09 01:50:25,-30.5167,151.65,51.53,44,5,5.08,clear sky
671,Athabasca,CA,2022-08-09 01:45:37,54.7169,-113.2854,68.41,45,0,12.59,clear sky
672,Banda Aceh,ID,2022-08-09 01:50:26,5.5577,95.3222,82.71,67,100,8.19,overcast clouds
673,Saint-Pierre,RE,2022-08-09 01:50:26,-21.3393,55.4781,65.91,62,0,8.05,clear sky
674,Tukums,LV,2022-08-09 01:50:26,56.9669,23.1553,52.95,95,11,4.38,few clouds
675,Veseloyarsk,RU,2022-08-09 01:50:27,51.2836,81.1056,70.11,45,100,10.98,overcast clouds
676,Bilma,NE,2022-08-09 01:46:47,18.6853,12.9164,85.78,47,68,11.41,broken clouds
677,Honningsvag,NO,2022-08-09 01:50:27,70.9821,25.9704,53.35,66,100,18.41,overcast clouds
678,Nador,MA,2022-08-09 01:50:27,35.174,-2.9287,79.05,78,75,1.14,broken clouds
679,Satipo,PE,2022-08-09 01:50:28,-11.2522,-74.6386,68.31,95,23,2.42,few clouds
680,Ostersund,SE,2022-08-09 01:50:28,63.1792,14.6357,55.85,71,100,9.22,overcast clouds
681,Joanopolis,BR,2022-08-09 01:50:28,-22.9303,-46.2756,58.84,96,100,2.8,overcast clouds
682,Yamada,JP,2022-08-09 01:50:29,39.4667,141.95,87.17,60,99,10.78,overcast clouds
683,Adilcevaz,TR,2022-08-09 01:50:29,38.8039,42.7342,68.11,61,0,4.88,clear sky
684,Berlevag,NO,2022-08-09 01:50:30,70.8578,29.0864,50.0,87,100,11.5,overcast clouds
685,Ilave,PE,2022-08-09 01:50:30,-16.0833,-69.6667,41.99,50,83,3.74,broken clouds
686,Huntingdon,GB,2022-08-09 01:50:30,52.3305,-0.1865,63.27,87,0,3.4,clear sky
687,Kizilskoye,RU,2022-08-09 01:50:31,52.7255,58.8937,63.54,88,17,5.61,few clouds
688,Paamiut,GL,2022-08-09 01:50:32,61.994,-49.6678,41.74,85,100,18.66,overcast clouds
689,Atambua,ID,2022-08-09 01:50:32,-9.1061,124.8925,83.37,48,76,3.24,broken clouds
690,Ballina,AU,2022-08-09 01:50:33,-28.8667,153.5667,64.02,60,40,14.36,scattered clouds
691,Taoudenni,ML,2022-08-09 01:50:33,22.6783,-3.9836,100.06,11,6,15.35,clear sky
692,Dublin,US,2022-08-09 01:48:39,37.7021,-121.9358,81.23,66,0,17.27,clear sky
693,Santa Maria,BR,2022-08-09 01:50:34,-29.6842,-53.8069,56.5,77,100,9.22,overcast clouds
